{"cameraMode":{"drawMode":0,"name":"Shaded","section":"Shading Mode"},"sceneLighting":false,"audioPlay":false,"sceneViewState":{"m_AlwaysRefresh":false,"showFog":true,"showSkybox":false,"showFlares":true,"showImageEffects":true,"showParticleSystems":true,"showVisualEffectGraphs":true,"m_FxEnabled":true},"in2DMode":false,"pivot":{"x":19.146968841552736,"y":10.799088478088379,"z":-17.337284088134767},"rotation":{"x":-0.23355281352996827,"y":0.21434153616428376,"z":-0.052863940596580508,"w":-0.9469546675682068},"size":9.379756927490235,"orthographic":false}