{"cameraMode":{"drawMode":0,"name":"Shaded","section":"Shading Mode"},"sceneLighting":true,"audioPlay":false,"sceneViewState":{"m_AlwaysRefresh":false,"showFog":true,"showSkybox":true,"showFlares":true,"showImageEffects":true,"showParticleSystems":true,"showVisualEffectGraphs":true,"m_FxEnabled":true},"in2DMode":false,"pivot":{"x":1.6606329679489136,"y":2.8707869052886965,"z":5.614130020141602},"rotation":{"x":-0.03977925702929497,"y":0.958297073841095,"z":-0.22874000668525697,"w":-0.1666686236858368},"size":0.10078900307416916,"orthographic":false}