{"cameraMode":{"drawMode":0,"name":"Shaded","section":"Shading Mode"},"sceneLighting":false,"audioPlay":false,"sceneViewState":{"m_AlwaysRefresh":false,"showFog":true,"showSkybox":false,"showFlares":true,"showImageEffects":true,"showParticleSystems":true,"showVisualEffectGraphs":true,"m_FxEnabled":true},"in2DMode":false,"pivot":{"x":3.7642908096313478,"y":14.579739570617676,"z":-1.1677169799804688},"rotation":{"x":-0.0016366911586374045,"y":0.9983605146408081,"z":-0.04226568341255188,"w":-0.03865453228354454},"size":9.912114143371582,"orthographic":false}